
=============userdetails===============================

INSERT INTO UserDetails (email, first_name, last_name,Password,contact_number,creator_stamp,creator_user,Verified)
VALUES ('maheshkumar@gmail.com', 'mahesh','kumar', 'kumar@9', '9776443201', '2022-04-10','mahe','yes');
INSERT INTO UserDetails (email, first_name, last_name,Password,contact_number,creator_stamp,creator_user,Verified)
VALUES ('sirisha@gmail.com', 'sirisha','baby', 'baby@9', '9795443201', '2022-05-10','baby','yes');
INSERT INTO UserDetails (email, first_name, last_name,Password,contact_number,creator_stamp,creator_user,Verified)
VALUES ('gayathridevi@gmail.com', 'gayathri','devi', 'gayu@9', '9779743201', '2022-05-17','gayu','yes');
INSERT INTO UserDetails (email, first_name, last_name,Password,contact_number,creator_stamp,creator_user,Verified)
VALUES ('priyanka@gmail.com', 'priya','baby', 'baby@9', '9776446401', '2022-05-10','priya','yes');
INSERT INTO UserDetails (email, first_name, last_name,Password,contact_number,creator_stamp,creator_user,Verified)
VALUES ('harini@gmail.com', 'harini','lekkala', 'lekkala@9', '9776843201', '2022-06-10','har','yes');
INSERT INTO UserDetails (email, first_name, last_name,Password,contact_number,creator_stamp,creator_user,Verified)
VALUES ('mounika@gmail.com', 'mounica','devil', 'devil@9', '9776443289', '2022-06-10','devil','yes');
INSERT INTO UserDetails (email, first_name, last_name,Password,contact_number,creator_stamp,creator_user,Verified)
VALUES ('srelekka@gmail.com', 'sree','lekka', 'sree@9', '9776673201', '2022-03-10','sre','yes');
INSERT INTO UserDetails (email, first_name, last_name,Password,contact_number,creator_stamp,creator_user,Verified)
VALUES ('sharon@gmail.com', 'sharon','aleti', 'aleti@9', '9776447201', '2022-03-10','shee','yes');
INSERT INTO UserDetails (email, first_name, last_name,Password,contact_number,creator_stamp,creator_user,Verified)
VALUES ('swetha@gmail.com', 'swetha','aleti', 'aleti@9', '9778443201', '2022-01-10','swee','yes');
INSERT INTO UserDetails (email, first_name, last_name,Password,contact_number,creator_stamp,creator_user,Verified)
VALUES ('sweety@gmail.com', 'sweety','alum', 'aleti@9', '97784447491', '2021-10-11','swe','yes');
INSERT INTO UserDetails (email, first_name, last_name,Password,contact_number,creator_stamp,creator_user,Verified)
VALUES ('abhiram@gmail.com', 'abhi','ram', 'abhiram@9', '97764943201', '2022-01-10','abhi','yes');
INSERT INTO UserDetails (email, first_name, last_name,Password,contact_number,creator_stamp,creator_user,Verified)
VALUES ('uttarasha@gmail.com', 'uttarasha','diganti', 'uttara@9', '9778443201', '2021-12-10','mahe','yes');
INSERT INTO UserDetails (email, first_name, last_name,Password,contact_number,creator_stamp,creator_user,Verified)
VALUES ('kirankumar@gmail.com', 'kiran','kumar', 'kiran@9', '9778443201', '2021-11-10','mahe','yes');
INSERT INTO UserDetails (email, first_name, last_name,Password,contact_number,creator_stamp,creator_user,Verified)
VALUES ('abhishek@gmail.com', 'abhishek','kalam', 'abhira@9', '9778443201', '2021-10-10','mahe','yes');
INSERT INTO UserDetails (email, first_name, last_name,Password,contact_number,creator_stamp,creator_user,Verified)
VALUES ('asish@gmail.com', 'asish','kumar', 'asish@9', '9778443201', '2021-09-10','mahe','yes');
INSERT INTO UserDetails (email, first_name, last_name,Password,contact_number,creator_stamp,creator_user,Verified)
VALUES ('nani@gmail.com', 'nani','manir', 'nani@9', '9778443201', '2021-08-10','mahe','yes');
INSERT INTO UserDetails (email, first_name, last_name,Password,contact_number,creator_stamp,creator_user,Verified)
VALUES ('ranchoranki@gmail.com', 'rancho','ranki', 'rancho@9', '9778443201', '2021-07-10','mahe','yes');
INSERT INTO UserDetails (email, first_name, last_name,Password,contact_number,creator_stamp,creator_user,Verified)
VALUES ('himabindu@gmail.com', 'bindu','gati', 'bindu@9', '97784798201', '2021-06-10','mahe','yes');
INSERT INTO UserDetails (email, first_name, last_name,Password,contact_number,creator_stamp,creator_user,Verified)
VALUES ('riyakim@gmail.com', 'riya','kim', 'riya@9', '9778443201', '2021-05-10','mahe','yes');
INSERT INTO UserDetails (email, first_name, last_name,Password,contact_number,creator_stamp,creator_user,Verified)
VALUES ('gandi@gmail.com', 'gandi','kumar', 'gandi@9', '9778443201', '2021-04-10','mahe','yes');
INSERT INTO UserDetails (email, first_name, last_name,Password,contact_number,creator_stamp,creator_user,Verified)
VALUES ('kumari@gmail.com', 'kum','kumari', 'kiran@9', '9778443201', '2021-11-10','mahe','yes');
INSERT INTO UserDetails (email, first_name, last_name,Password,contact_number,creator_stamp,creator_user,Verified)
VALUES ('yamini@gmail.com', 'yamini','yar', 'yamini@9', '9778443804', '2021-03-10','mahe','yes');
INSERT INTO UserDetails (email, first_name, last_name,Password,contact_number,creator_stamp,creator_user,Verified)
VALUES ('mohankumar@gmail.com', 'mohan','kumar', 'mohan@9', '9778443201', '2021-11-10','mahe','yes');
INSERT INTO UserDetails (email, first_name, last_name,Password,contact_number,creator_stamp,creator_user,Verified)
VALUES ('rajukumar@gmail.com', 'raju','kumar', 'raju@9', '9778443201', '2021-04-10','mahe','yes');
INSERT INTO UserDetails (email, first_name, last_name,Password,contact_number,creator_stamp,creator_user,Verified)
VALUES ('rajeshkumar@gmail.com', 'rajesh','kumar', 'rajesh@9', '9778443201', '2021-02-10','mahe','yes');

==========================HiredCandidates===========================

INSERT INTO HiredCandidates(candidate_id,firstName,middleName,lastName,email,hiredCity,hiredDate,mobileNumber,degree,hiredLab,attitudeRemark, communicationRemark, knowledgeRemark, status, creatorUserId, creatorStamp,location,aggrPer,permanentPincode) 
VALUES ('CIC-032022-11333', 'mahesh','kumar','tippanu', 'maheshkumartippanu@gmail.com','vizag','2022-04-10','9776443201','b.tech','mumbai','good','good','good','accepted','1','2022-04-10','bangalore','86.9','530040');

INSERT INTO HiredCandidates(candidate_id,firstName,middleName,lastName,email,hiredCity,hiredDate,mobileNumber,degree,hiredLab,attitudeRemark, communicationRemark, knowledgeRemark, status, creatorUserId, creatorStamp,location,aggrPer,permanentPincode) 
VALUES ('CIC-032022-11334', 'sirisha','baby','kadali', 'sirishababy@gmail.com','vizag','2022-05-13','9776443203','b.tech','bangalore','good','good','good','accepted','1','2022-04-13','mumbai','86.9','530040');

INSERT INTO HiredCandidates(candidate_id,firstName,middleName,lastName,email,hiredCity,hiredDate,mobileNumber,degree,hiredLab,attitudeRemark, communicationRemark, knowledgeRemark, status, creatorUserId, creatorStamp,location,aggrPer,permanentPincode) 
VALUES ('CIC-032022-11335', 'gayathri','devi','chow', 'gayathrichow@gmail.com','kakinada','2022-05-18','9776443283','b.tech','bangalore','good','good','good','accepted','1','2022-04-18','pune','87','530040');

INSERT INTO HiredCandidates(candidate_id,firstName,middleName,lastName,email,hiredCity,hiredDate,mobileNumber,degree,hiredLab,attitudeRemark, communicationRemark, knowledgeRemark, status, creatorUserId, creatorStamp,location,aggrPer,permanentPincode) 
VALUES ('CIC-032022-11336', 'priyanka','etha','NA', 'priyankaetha@gmail.com','riyadh','2022-05-13','9776443293','b.tech','bangalore','good','good','good','accepted','1','2022-04-19','pune','87','530040');

INSERT INTO HiredCandidates(candidate_id,firstName,middleName,lastName,email,hiredCity,hiredDate,mobileNumber,degree,hiredLab,attitudeRemark, communicationRemark, knowledgeRemark, status, creatorUserId, creatorStamp,location,aggrPer,permanentPincode) 
VALUES ('CIC-032022-11337', 'harini','NA','lekkala', 'harinilekkala@gmail.com','vizag','2022-05-19','9776443893','b.tech','mumbai','good','bad','bad','rejected','1','2022-04-19','pune','46','530040');

INSERT INTO HiredCandidates(candidate_id,firstName,middleName,lastName,email,hiredCity,hiredDate,mobileNumber,degree,hiredLab,attitudeRemark, communicationRemark, knowledgeRemark, status, creatorUserId, creatorStamp,location,aggrPer,permanentPincode) 
VALUES ('CIC-032022-11338', 'mounica','NA','devil', 'mounicadevil@gmail.com','vizag','2022-05-1','9776443783','b.tech','mumbai','good','bad','bad','rejected','1','2022-04-19','pune','56','530040');

INSERT INTO HiredCandidates(candidate_id,firstName,middleName,lastName,email,hiredCity,hiredDate,mobileNumber,degree,hiredLab,attitudeRemark, communicationRemark, knowledgeRemark, status, creatorUserId, creatorStamp,location,aggrPer,permanentPincode) 
VALUES ('CIC-032022-11339', 'sreelekha','NA','devi', 'sreedevi@gmail.com','vizag','2022-05-19','97764474586','b.tech','bangalore','good','bad','bad','rejected','1','2022-04-19','pune','56','530040');

INSERT INTO HiredCandidates(candidate_id,firstName,middleName,lastName,email,hiredCity,hiredDate,mobileNumber,degree,hiredLab,attitudeRemark, communicationRemark, knowledgeRemark, status, creatorUserId, creatorStamp,location,aggrPer,permanentPincode) 
VALUES ('CIC-032022-11340', 'sharon','NA','aleti', 'aletisharon@gmail.com','vizag','2022-05-16','9774865966','b.tech','mumbai','good','bad','good','pending','1','2022-04-19','pune','56','530040');

INSERT INTO HiredCandidates(candidate_id,firstName,middleName,lastName,email,hiredCity,hiredDate,mobileNumber,degree,hiredLab,attitudeRemark, communicationRemark, knowledgeRemark, status, creatorUserId, creatorStamp,location,aggrPer,permanentPincode) 
VALUES ('CIC-032022-11341', 'swetha','NA','aleti', 'aletiswetha@gmail.com','vizag','2022-05-16','977465866','b.tech','mumbai','good','bad','good','pending','1','2022-04-19','pune','65','530040');

INSERT INTO HiredCandidates(candidate_id,firstName,middleName,lastName,email,hiredCity,hiredDate,mobileNumber,degree,hiredLab,attitudeRemark, communicationRemark, knowledgeRemark, status, creatorUserId, creatorStamp,location,aggrPer,permanentPincode) 
VALUES ('CIC-032022-11342', 'abhi','NA','ram', 'abhiram@gmail.com','vizag','2022-05-17','9774586966','b.tech','mumbai','good','bad','good','pending','1','2022-04-12','pune','65','530089');


======================Candidate_BankDetails================================
INSERT INTO  Candidate_BankDetails(Id,Candidate_ID,name,Account_Number,Ifsc_code,pan_number,addhaar_num,creator_stamp,creator_user)
VALUES('1','2','mahesh','575576464646748','01033','BAQPT3378F','725726066556','2022-04-10','1');

INSERT INTO  Candidate_BankDetails(Id,Candidate_ID,name,Account_Number,Ifsc_code,pan_number,addhaar_num,creator_stamp,creator_user)
VALUES('2','3','sirisha','575576464646748','01933','KAQPT3379F','725726069556','2022-04-10','1');

INSERT INTO  Candidate_BankDetails(Id,Candidate_ID,name,Account_Number,Ifsc_code,pan_number,addhaar_num,creator_stamp,creator_user)
VALUES('3','4','gayathri','575576466646748','08033','BIQPT3378F','725926066556','2022-04-10','1');

INSERT INTO  Candidate_BankDetails(Id,Candidate_ID,name,Account_Number,Ifsc_code,pan_number,addhaar_num,creator_stamp,creator_user)
VALUES('4','5','abhiram','57557646664898','08073','KLQPT3378F','725926066556','2021-04-10','1');

==========================CandidateQualification========================

INSERT INTO CandidateQualification(ID,Candidate_ID,Diploma,Degree_name,Employee_Decipline,Passing_year,Aggr_per,Final_Year_per,Training_Institute,Training_Duration_Month,Other_Training,creator_Stamp,creator_User)
VALUES('1','2','B.tech','civil_enggneer','good','2020-10-09','86.6','2020-08-9','BRIDGELABZ','APRIL','PYTHON','2022-04-10','1');

INSERT INTO CandidateQualification(ID,Candidate_ID,Diploma,Degree_name,Employee_Decipline,Passing_year,Aggr_per,Final_Year_per,Training_Institute,Training_Duration_Month,Other_Training,creator_Stamp,creator_User)
VALUES('2','3','B.tech','softwerengineer','good','2020-10-10','87.9','2022-10-6','BRIDGELABZ','APRIL','JAVA','2022-04-10','1');

INSERT INTO CandidateQualification(ID,Candidate_ID,Diploma,Degree_name,Employee_Decipline,Passing_year,Aggr_per,Final_Year_per,Training_Institute,Training_Duration_Month,Other_Training,creator_Stamp,creator_User)
VALUES('3','4','B.tech','softwerengineer','good','2020-10-08','89.9','2022-10-4','BRIDGELABZ','APRIL','c#','2022-02-1','1');

INSERT INTO CandidateQualification(ID,Candidate_ID,Diploma,Degree_name,Employee_Decipline,Passing_year,Aggr_per,Final_Year_per,Training_Institute,Training_Duration_Month,Other_Training,creator_Stamp,creator_User)
VALUES('4','5','B.tech','softwerengineer','good','2020-7-11','90','2022-10-5','BRIDGELABZ','MAY','AUTOCAD','2021-02-1','1');

==========================================Candidate_Documents=============================

INSERT INTO Candidate_Documents(ID,Candidate_ID,Doc_Type,Doc_Path,Doc_status,Creator_stamp,Creator_User)
VALUES('1','2','PDF','c/windows/','verified','2022-04-10','1');

INSERT INTO Candidate_Documents(ID,Candidate_ID,Doc_Type,Doc_Path,Doc_status,Creator_stamp,Creator_User)
VALUES('2','3','PDF','c/windows/','verified','2022-05-10','1');

INSERT INTO Candidate_Documents(ID,Candidate_ID,Doc_Type,Doc_Path,Doc_status,Creator_stamp,Creator_User)
VALUES('3','4','PDF','c/windows/','verified','2022-06-10','1');

INSERT INTO Candidate_Documents(ID,Candidate_ID,Doc_Type,Doc_Path,Doc_status,Creator_stamp,Creator_User)
VALUES('4','5','PDF','c/windows/','verified','2022-05-10','1');

==============================Company==================================================

INSERT INTO Company(ID,Name,Address,Location,status,Creator_Stamp,Creator_User)
VALUES('1','mahesh','vizag','vizag','accepted','2022-04-10','1');

INSERT INTO Company(ID,Name,Address,Location,status,Creator_Stamp,Creator_User)
VALUES('2','sirisha','kothpeta,hyderbad','vizag','accepted','2022-04-10','1');

INSERT INTO Company(ID,Name,Address,Location,status,Creator_Stamp,Creator_User)
VALUES('3','gayathri','kothpeta,hyderbad','hyderbad','accepted','2022-05-10','1');

INSERT INTO Company(ID,Name,Address,Location,status,Creator_Stamp,Creator_User)
VALUES('4','abhiram','kothpeta,hyderbad','hyderbad','accepted','2022-07-1','1');

==================================Tech_Stack===============================================

INSERT INTO Tech_Stack(ID,Tech_Name,Image_Path,Framework,Cur_status,Creator_Stamp,Creator_User)
VALUES('1','JAVA FULL STACK','img','springboot','accepted','2022-04-10','1');

INSERT INTO Tech_Stack(ID,Tech_Name,Image_Path,Framework,Cur_status,Creator_Stamp,Creator_User)
VALUES('2','JAVA FULL STACK','img','springboot','accepted','2022-05-10','1');

INSERT INTO Tech_Stack(ID,Tech_Name,Image_Path,Framework,Cur_status,Creator_Stamp,Creator_User)
VALUES('3','JAVA FULL STACK','img','springboot','accepted','2022-06-10','1');

INSERT INTO Tech_Stack(ID,Tech_Name,Image_Path,Framework,Cur_status,Creator_Stamp,Creator_User)
VALUES('4','JAVA FULL STACK','img','springboot','accepted','2022-07-10','1');

============================Tech_Type======================================================

INSERT INTO Tech_Type(Tech_Type_Id,Type_Name,Cur_Status,Creator_Stamp,Creator_User)
VALUES('1','JAVA FULL STACK','accepted','2022-04-10','1');

INSERT INTO Tech_Type(Tech_Type_Id,Type_Name,Cur_Status,Creator_Stamp,Creator_User)
VALUES('2','JAVA FULL STACK','accepted','2022-05-10','1');

INSERT INTO Tech_Type(Tech_Type_Id,Type_Name,Cur_Status,Creator_Stamp,Creator_User)
VALUES('3','JAVA FULL STACK','accepted','2022-06-10','1');

INSERT INTO Tech_Type(Tech_Type_Id,Type_Name,Cur_Status,Creator_Stamp,Creator_User)
VALUES('4','JAVA FULL STACK','accepted','2022-07-10','1');

=====================================MAKerProgram========================================

INSERT INTO MAKerProgram(Id,Program_Name,Program_Type,Program_Link,Tech_Stack_Id,Tech_Type_Id,Description,Status,Creator_Stamp,Creator_User)
VALUES('1','FellowshipProgram','JAVA FULL STACK','WWW.bridgelabz.com','1','1','average','accepted','2022-04-10','1');

INSERT INTO MAKerProgram(Id,Program_Name,Program_Type,Program_Link,Tech_Stack_Id,Tech_Type_Id,Description,Status,Creator_Stamp,Creator_User)
VALUES('2','FellowshipProgram','JAVA FULL STACK','WWW.bridgelabz.com','2','2','average','accepted','2022-04-10','1');

INSERT INTO MAKerProgram(Id,Program_Name,Program_Type,Program_Link,Tech_Stack_Id,Tech_Type_Id,Description,Status,Creator_Stamp,Creator_User)
VALUES('3','FellowshipProgram','JAVA FULL STACK','WWW.bridgelabz.com','3','3','average','accepted','2022-04-10','1');

INSERT INTO MAKerProgram(Id,Program_Name,Program_Type,Program_Link,Tech_Stack_Id,Tech_Type_Id,Description,Status,Creator_Stamp,Creator_User)
VALUES('4','FellowshipProgram','JAVA FULL STACK','WWW.bridgelabz.com','4','4','average','accepted','2022-04-10','1');

==============================Lab=========================================

INSERT INTO Lab(Lab_ID,name,Location,Address,status,Creator_Stamp,Creator_User)
Values('1','mahesh','vizag','arilova','accepted','2022-04-10','1');

INSERT INTO Lab(Lab_ID,name,Location,Address,status,Creator_Stamp,Creator_User)
Values('2','sirisha','hyderbad','kothpeta','accepted','2022-05-10','1');

INSERT INTO Lab(Lab_ID,name,Location,Address,status,Creator_Stamp,Creator_User)
Values('3','gayathri','hyderbad','lbnagar','accepted','2022-06-10','1');

INSERT INTO Lab(Lab_ID,name,Location,Address,status,Creator_Stamp,Creator_User)
Values('4','abhiram','vizag','madilipaleam','accepted','2022-07-10','1');

=========================================Mentor===================================

INSERT INTO Mentor(Mentor_ID,Name,Mentor_type,LAb_ID,Status,Creator_Stamp,Creator_User)
VALUES('1','mahesh','Support','1','accepted','2022-04-10','1');

INSERT INTO Mentor(Mentor_ID,Name,Mentor_type,LAb_ID,Status,Creator_Stamp,Creator_User)
VALUES('2','sirisha','Support','2','accepted','2022-04-10','1');

INSERT INTO Mentor(Mentor_ID,Name,Mentor_type,LAb_ID,Status,Creator_Stamp,Creator_User)
VALUES('3','gayathri','Support','3','accepted','2022-06-10','1');

INSERT INTO Mentor(Mentor_ID,Name,Mentor_type,LAb_ID,Status,Creator_Stamp,Creator_User)
VALUES('4','abhiram','Support','4','accepted','2022-07-10','1');

======================================MentorTechStack==================================

INSERT INTO MentorTechStack (Mentor_Tech_Stack_ID,Mentor_Id,Tech_Stack_Id,Status,Creator_Stamp,Creator_User)
VALUES('1','1','1','accepted','2022-04-10','1');

INSERT INTO MentorTechStack (Mentor_Tech_Stack_ID,Mentor_Id,Tech_Stack_Id,Status,Creator_Stamp,Creator_User)
VALUES('2','2','2','accepted','2022-05-10','1');

INSERT INTO MentorTechStack (Mentor_Tech_Stack_ID,Mentor_Id,Tech_Stack_Id,Status,Creator_Stamp,Creator_User)
VALUES('3','3','3','accepted','2022-06-10','1');

INSERT INTO MentorTechStack (Mentor_Tech_Stack_ID,Mentor_Id,Tech_Stack_Id,Status,Creator_Stamp,Creator_User)
VALUES('4','4','4','accepted','2022-04-10','1');

======================================LabThreshold===============================

INSERT INTO LabThreshold(Thresgold_Id,Lab_Id,Lab_Capacity,Lead_Threshold,Tdeation_Engg_Threshold,Buddy_Engg_Threshold,Status,Creator_Stamp,Creator_User)
VALUES('1','1','1000','1','good','average','accepted','2022-04-10','1');

INSERT INTO LabThreshold(Thresgold_Id,Lab_Id,Lab_Capacity,Lead_Threshold,Tdeation_Engg_Threshold,Buddy_Engg_Threshold,Status,Creator_Stamp,Creator_User)
VALUES('2','2','1000','2','good','average','accepted','2022-05-10','1');

INSERT INTO LabThreshold(Thresgold_Id,Lab_Id,Lab_Capacity,Lead_Threshold,Tdeation_Engg_Threshold,Buddy_Engg_Threshold,Status,Creator_Stamp,Creator_User)
VALUES('3','3','1000','3','good','average','accepted','2022-06-10','1');

INSERT INTO LabThreshold(Thresgold_Id,Lab_Id,Lab_Capacity,Lead_Threshold,Tdeation_Engg_Threshold,Buddy_Engg_Threshold,Status,Creator_Stamp,Creator_User)
VALUES('4','4','1000','4','good','average','accepted','2022-07-10','1');

====================================MentorIdeationMap==========================================


INSERT INTO MentorIdeationMap(Id,Parent_Mentor_Id,Mentor_Id,Status,Creator_Stamp,Creator_User)
VALUES('1','1','1','accepted','2022-04-10','1');

INSERT INTO MentorIdeationMap(Id,Parent_Mentor_Id,Mentor_Id,Status,Creator_Stamp,Creator_User)
VALUES('2','2','2','accepted','2022-05-10','1');

INSERT INTO MentorIdeationMap(Id,Parent_Mentor_Id,Mentor_Id,Status,Creator_Stamp,Creator_User)
VALUES('3','3','3','accepted','2022-06-10','1');

INSERT INTO MentorIdeationMap(Id,Parent_Mentor_Id,Mentor_Id,Status,Creator_Stamp,Creator_User)
VALUES('4','4','4','accepted','2022-07-10','1');

============================================Company_Requirement======================================


INSERT INTO Company_Requirement(ID,Company_Id,Requested_Month,City,Is_Doc_Verifrication,Requirement_Doc_Path,Special_Remark,Status,Creator_Stamp,Creator_User)
VALUES('1','1','2021-10-01','bangalore','1','c/windows','happy','accepted','2022-04-10','1');

INSERT INTO Company_Requirement(ID,Company_Id,Requested_Month,City,Is_Doc_Verifrication,Requirement_Doc_Path,No_of_Engg,Tech_Stack_Id,Tech_Type_Id,Maker_Program_Id,Buddy_Engg_Id,Special_Remark,Status,Creator_Stamp,Creator_User)
VALUES('2','2','2021-10-01','bangalore','1','c/windows','4','1','1','1','1','1','happy','accepted','2022-04-10','1');

===================================Candidate_Stack_Assignment==================================

INSERT INTO Candidate_Stack_Assignment(Id,Requirement_Id,Candidate_Id,assign_date,complete_date,Status,creator_stamp,creator_user)
VALUES('1','1','1','2022-01-01','2022-04-01','accepted','2022-04-10','1');


INSERT INTO Candidate_Stack_Assignment(Id,Requirement_Id,Candidate_Id,assign_date,complete_date,Status,creator_stamp,creator_user)
VALUES('2','2','2','2022-02-01','2022-05-01','accepted','2022-05-10','1');

INSERT INTO Candidate_Stack_Assignment(Id,Requirement_Id,Candidate_Id,assign_date,complete_date,Status,creator_stamp,creator_user)
VALUES('3','3','3','2022-03-01','2022-06-01','accepted','2022-06-10','1');

INSERT INTO Candidate_Stack_Assignment(Id,Requirement_Id,Candidate_Id,assign_date,complete_date,Status,creator_stamp,creator_user)
VALUES('4','4','4','2022-04-01','2022-07-01','accepted','2022-07-10','1');



